.model,sigma2,log_lik,AIC,AICc,BIC,ar_roots,ma_roots,MSE,AMSE,MAE
arima,0.18089942934188316,-71.64345646277124,153.28691292554248,153.76691292554247,167.66289954154823,,,NA,NA,NA
ets,0.19578767272595898,-212.60617980051407,435.21235960102814,435.6885500772186,449.62636921396,,,0.18985471294638448,1.5537084995442352,0.24059001082931897
rw_drift,1.3661170413703307,NA,NA,NA,NA,,,NA,NA,NA
